Name,URL,done
00.00_Review_of_Statistical_Inference,https://collab.its.virginia.edu/portal/site/294dab0f-ccd3-431d-940c-ff9e44bd497c/tool-reset/79431c75-5c2f-4124-8b4a-32cc855a24df,1
00.01_Introduction_to_the_lesson,https://collab.its.virginia.edu/portal/site/294dab0f-ccd3-431d-940c-ff9e44bd497c/tool/79431c75-5c2f-4124-8b4a-32cc855a24df/ShowPage?sendingPage=215794&itemId=1602755&path=clear_and_push&title=0.1: Introduction to the lesson&newTopLevel=false,1
00.02_Sampling_Distributions,https://collab.its.virginia.edu/portal/site/294dab0f-ccd3-431d-940c-ff9e44bd497c/tool/79431c75-5c2f-4124-8b4a-32cc855a24df/ShowPage?sendingPage=215795&itemId=1602757&path=clear_and_push&title=0.2: Sampling Distributions&newTopLevel=false,1
00.03_Confidence_Intervals,https://collab.its.virginia.edu/portal/site/294dab0f-ccd3-431d-940c-ff9e44bd497c/tool/79431c75-5c2f-4124-8b4a-32cc855a24df/ShowPage?sendingPage=215799&itemId=1602784&path=clear_and_push&title=0.3: Confidence Intervals&newTopLevel=false,1
00.04_Hypothesis_Testing,https://collab.its.virginia.edu/portal/site/294dab0f-ccd3-431d-940c-ff9e44bd497c/tool/79431c75-5c2f-4124-8b4a-32cc855a24df/ShowPage?sendingPage=215800&itemId=1602785&path=clear_and_push&title=0.4: Hypothesis Testing&newTopLevel=false,1
00.05_Practice_Questions,https://collab.its.virginia.edu/portal/site/294dab0f-ccd3-431d-940c-ff9e44bd497c/tool/79431c75-5c2f-4124-8b4a-32cc855a24df/ShowPage?sendingPage=215802&itemId=1602787&path=clear_and_push&title=0.5: Practice Questions (Ungraded)&newTopLevel=false,1
01.00_Introduction_to_Simple_Linear_Regression_713_714,https://collab.its.virginia.edu/portal/site/294dab0f-ccd3-431d-940c-ff9e44bd497c/tool-reset/c38d0593-f90b-4a9c-8633-ea15e3bfd1f5,1
01.01_Introduction_to_the_Lesson,https://collab.its.virginia.edu/portal/site/294dab0f-ccd3-431d-940c-ff9e44bd497c/tool/c38d0593-f90b-4a9c-8633-ea15e3bfd1f5/ShowPage?sendingPage=213908&itemId=1591889&path=clear_and_push&title=1.1: Introduction to the Lesson&newTopLevel=false,1
01.02_Simple_Linear_Regression,https://collab.its.virginia.edu/portal/site/294dab0f-ccd3-431d-940c-ff9e44bd497c/tool/c38d0593-f90b-4a9c-8633-ea15e3bfd1f5/ShowPage?sendingPage=213909&itemId=1591890&path=clear_and_push&title=1.2: Simple Linear Regression &newTopLevel=false,1
01.03_Estimating_Regression_Coefficients,https://collab.its.virginia.edu/portal/site/294dab0f-ccd3-431d-940c-ff9e44bd497c/tool/c38d0593-f90b-4a9c-8633-ea15e3bfd1f5/ShowPage?sendingPage=213910&itemId=1591891&path=clear_and_push&title=1.3: Estimating Regression Coefficients&newTopLevel=false,1
01.04_Estimating_the_Variance_of_a_Regression_Model,https://collab.its.virginia.edu/portal/site/294dab0f-ccd3-431d-940c-ff9e44bd497c/tool/c38d0593-f90b-4a9c-8633-ea15e3bfd1f5/ShowPage?sendingPage=213911&itemId=1591892&path=clear_and_push&title=1.4: Estimating the Variance of a Regression Model&newTopLevel=false,0
01.05_ANOVA_F_Test,https://collab.its.virginia.edu/portal/site/294dab0f-ccd3-431d-940c-ff9e44bd497c/tool/c38d0593-f90b-4a9c-8633-ea15e3bfd1f5/ShowPage?sendingPage=213912&itemId=1591893&path=clear_and_push&title=1.5: ANOVA F Test&newTopLevel=false,0
01.06_Pitfalls_of_Correlation,https://collab.its.virginia.edu/portal/site/294dab0f-ccd3-431d-940c-ff9e44bd497c/tool/c38d0593-f90b-4a9c-8633-ea15e3bfd1f5/ShowPage?sendingPage=216131&itemId=1604829&path=clear_and_push&title=1.6: Pitfalls of Correlation&newTopLevel=false,0
01.07_R_Tutorial_for_Module_1,https://collab.its.virginia.edu/portal/site/294dab0f-ccd3-431d-940c-ff9e44bd497c/tool/c38d0593-f90b-4a9c-8633-ea15e3bfd1f5/ShowPage?sendingPage=213913&itemId=1591894&path=clear_and_push&title=1.7: R Tutorial for Module 1&newTopLevel=false,0
01.08_Module_1_Live_Session,https://collab.its.virginia.edu/portal/site/294dab0f-ccd3-431d-940c-ff9e44bd497c/tool/c38d0593-f90b-4a9c-8633-ea15e3bfd1f5/ShowPage?sendingPage=213903&itemId=1591895&path=clear_and_push&title=1.8: Module 1 Live Session&newTopLevel=false,0
02.00_Inference_with_Simple_Linear_Regression_715_716,https://collab.its.virginia.edu/portal/site/294dab0f-ccd3-431d-940c-ff9e44bd497c/tool-reset/1ae5d634-ca62-4e94-aeed-cace1fedf87e,0
02.01_Introduction_to_the_Lesson,https://collab.its.virginia.edu/portal/site/294dab0f-ccd3-431d-940c-ff9e44bd497c/tool/1ae5d634-ca62-4e94-aeed-cace1fedf87e/ShowPage?sendingPage=213914&itemId=1591902&path=clear_and_push&title=2.1: Introduction to the Lesson&newTopLevel=false,0
02.02_Hypothesis_Testing_in_Simple_Linear_Regression,https://collab.its.virginia.edu/portal/site/294dab0f-ccd3-431d-940c-ff9e44bd497c/tool/1ae5d634-ca62-4e94-aeed-cace1fedf87e/ShowPage?sendingPage=213915&itemId=1591903&path=clear_and_push&title=2.2: Hypothesis Testing in Simple Linear Regression (SLR)&newTopLevel=false,0
02.03_Confidence_Interval_of_the_Slope,https://collab.its.virginia.edu/portal/site/294dab0f-ccd3-431d-940c-ff9e44bd497c/tool/1ae5d634-ca62-4e94-aeed-cace1fedf87e/ShowPage?sendingPage=213916&itemId=1591904&path=clear_and_push&title=2.3: Confidence Interval of the Slope&newTopLevel=false,0
02.04_Confidence_Interval_of_the_Mean_Response,https://collab.its.virginia.edu/portal/site/294dab0f-ccd3-431d-940c-ff9e44bd497c/tool/1ae5d634-ca62-4e94-aeed-cace1fedf87e/ShowPage?sendingPage=213977&itemId=1591905&path=clear_and_push&title=2.4: Confidence Interval of the Mean Response&newTopLevel=false,0
02.05_Prediction_Interval_of_a_New_Response,https://collab.its.virginia.edu/portal/site/294dab0f-ccd3-431d-940c-ff9e44bd497c/tool/1ae5d634-ca62-4e94-aeed-cace1fedf87e/ShowPage?sendingPage=213917&itemId=1591906&path=clear_and_push&title=2.5: Prediction Interval of a New Response&newTopLevel=false,0
02.06_Recap_of_Module_2,https://collab.its.virginia.edu/portal/site/294dab0f-ccd3-431d-940c-ff9e44bd497c/tool/1ae5d634-ca62-4e94-aeed-cace1fedf87e/ShowPage?sendingPage=216132&itemId=1604831&path=clear_and_push&title=2.6: Recap of Module 2&newTopLevel=false,0
02.07_R_Tutorial_for_Module_2,https://collab.its.virginia.edu/portal/site/294dab0f-ccd3-431d-940c-ff9e44bd497c/tool/1ae5d634-ca62-4e94-aeed-cace1fedf87e/ShowPage?sendingPage=213978&itemId=1591907&path=clear_and_push&title=2.7: R Tutorial for Module 2&newTopLevel=false,0
02.08_Module_2_Live_Session,https://collab.its.virginia.edu/portal/site/294dab0f-ccd3-431d-940c-ff9e44bd497c/tool/1ae5d634-ca62-4e94-aeed-cace1fedf87e/ShowPage?sendingPage=213979&itemId=1591908&path=clear_and_push&title=2.8: Module 2 Live Session&newTopLevel=false,0
03.00_Model_Diagnostics_and_Remedial_Measures_in_Simple_Linear_Regression_717_718,https://collab.its.virginia.edu/portal/site/294dab0f-ccd3-431d-940c-ff9e44bd497c/tool-reset/dcad73c0-7d27-4c12-868a-74038e6db73d,0
03.01_Introduction_to_the_Lesson,https://collab.its.virginia.edu/portal/site/294dab0f-ccd3-431d-940c-ff9e44bd497c/tool/dcad73c0-7d27-4c12-868a-74038e6db73d/ShowPage?sendingPage=213919&itemId=1592015&path=clear_and_push&title=3.1: Introduction to the Lesson&newTopLevel=false,0
03.02_Assumptions_in_Regression_Models,https://collab.its.virginia.edu/portal/site/294dab0f-ccd3-431d-940c-ff9e44bd497c/tool/dcad73c0-7d27-4c12-868a-74038e6db73d/ShowPage?sendingPage=213920&itemId=1592016&path=clear_and_push&title=3.2: Assumptions in Regression Models&newTopLevel=false,0
03.03_Remedial_Measures,https://collab.its.virginia.edu/portal/site/294dab0f-ccd3-431d-940c-ff9e44bd497c/tool/dcad73c0-7d27-4c12-868a-74038e6db73d/ShowPage?sendingPage=213921&itemId=1592017&path=clear_and_push&title=3.3: Remedial Measures: Variance Stabilizing Transformation&newTopLevel=false,0
03.04_Remedial_Measures,https://collab.its.virginia.edu/portal/site/294dab0f-ccd3-431d-940c-ff9e44bd497c/tool/dcad73c0-7d27-4c12-868a-74038e6db73d/ShowPage?sendingPage=213922&itemId=1592018&path=clear_and_push&title=3.4: Remedial Measures: Linearization Transformation&newTopLevel=false,0
03.05_Recap_of_Module_3,https://collab.its.virginia.edu/portal/site/294dab0f-ccd3-431d-940c-ff9e44bd497c/tool/dcad73c0-7d27-4c12-868a-74038e6db73d/ShowPage?sendingPage=216133&itemId=1604833&path=clear_and_push&title=3.5: Recap of Module 3&newTopLevel=false,0
03.06_R_Tutorial_for_Module_3,https://collab.its.virginia.edu/portal/site/294dab0f-ccd3-431d-940c-ff9e44bd497c/tool/dcad73c0-7d27-4c12-868a-74038e6db73d/ShowPage?sendingPage=213923&itemId=1592019&path=clear_and_push&title=3.6: R Tutorial for Module 3&newTopLevel=false,0
03.07_Module_3_Live_Session,https://collab.its.virginia.edu/portal/site/294dab0f-ccd3-431d-940c-ff9e44bd497c/tool/dcad73c0-7d27-4c12-868a-74038e6db73d/ShowPage?sendingPage=213924&itemId=1592020&path=clear_and_push&title=3.7: Module 3 Live Session&newTopLevel=false,0
04.00_Introduction_to_Multiple_Linear_Regression_720_721,https://collab.its.virginia.edu/portal/site/294dab0f-ccd3-431d-940c-ff9e44bd497c/tool-reset/492a6240-b088-499b-8be8-5d198a08a3a5,0
04.01_Introduction_to_the_Lesson,https://collab.its.virginia.edu/portal/site/294dab0f-ccd3-431d-940c-ff9e44bd497c/tool/492a6240-b088-499b-8be8-5d198a08a3a5/ShowPage?sendingPage=213925&itemId=1591915&path=clear_and_push&title=4.1: Introduction to the Lesson&newTopLevel=false,0
04.02_Multiple_Linear_Regression,https://collab.its.virginia.edu/portal/site/294dab0f-ccd3-431d-940c-ff9e44bd497c/tool/492a6240-b088-499b-8be8-5d198a08a3a5/ShowPage?sendingPage=213926&itemId=1591916&path=clear_and_push&title=4.2: Multiple Linear Regression&newTopLevel=false,0
04.03_Estimating_Regression_Coefficients_in_Multiple_Linear_Regression,https://collab.its.virginia.edu/portal/site/294dab0f-ccd3-431d-940c-ff9e44bd497c/tool/492a6240-b088-499b-8be8-5d198a08a3a5/ShowPage?sendingPage=213982&itemId=1591917&path=clear_and_push&title=4.3: Estimating Regression Coefficients in Multiple Linear Regression&newTopLevel=false,0
04.04_ANOVA_F_Test_in_Multiple_Linear_Regression,https://collab.its.virginia.edu/portal/site/294dab0f-ccd3-431d-940c-ff9e44bd497c/tool/492a6240-b088-499b-8be8-5d198a08a3a5/ShowPage?sendingPage=213927&itemId=1591918&path=clear_and_push&title=4.4: ANOVA F Test in Multiple Linear Regression&newTopLevel=false,0
04.05_t_Test_in_Multiple_Linear_Regression,https://collab.its.virginia.edu/portal/site/294dab0f-ccd3-431d-940c-ff9e44bd497c/tool/492a6240-b088-499b-8be8-5d198a08a3a5/ShowPage?sendingPage=213928&itemId=1591919&path=clear_and_push&title=4.5: t Test in Multiple Linear Regression&newTopLevel=false,0
04.06_Confidence_Intervals_in_Multiple_Linear_Regression,https://collab.its.virginia.edu/portal/site/294dab0f-ccd3-431d-940c-ff9e44bd497c/tool/492a6240-b088-499b-8be8-5d198a08a3a5/ShowPage?sendingPage=213929&itemId=1591920&path=clear_and_push&title=4.6: Confidence Intervals in Multiple Linear Regression&newTopLevel=false,0
04.07_Recap_of_Module_4,https://collab.its.virginia.edu/portal/site/294dab0f-ccd3-431d-940c-ff9e44bd497c/tool/492a6240-b088-499b-8be8-5d198a08a3a5/ShowPage?sendingPage=216134&itemId=1604836&path=clear_and_push&title=4.7: Recap of Module 4&newTopLevel=false,0
04.08_R_Tutorial_for_Module_4,https://collab.its.virginia.edu/portal/site/294dab0f-ccd3-431d-940c-ff9e44bd497c/tool/492a6240-b088-499b-8be8-5d198a08a3a5/ShowPage?sendingPage=213930&itemId=1591921&path=clear_and_push&title=4.8: R Tutorial for Module 4&newTopLevel=false,0
04.09_Module_4_Live_Session,https://collab.its.virginia.edu/portal/site/294dab0f-ccd3-431d-940c-ff9e44bd497c/tool/492a6240-b088-499b-8be8-5d198a08a3a5/ShowPage?sendingPage=213983&itemId=1591922&path=clear_and_push&title=4.9: Module 4 Live Session&newTopLevel=false,0
05.00_Sums_of_Squares_and_Multicollinearity_722_723,https://collab.its.virginia.edu/portal/site/294dab0f-ccd3-431d-940c-ff9e44bd497c/tool-reset/35442e9e-65ae-485f-972f-16d737551d2c,0
05.01_Introduction_to_the_Lesson,https://collab.its.virginia.edu/portal/site/294dab0f-ccd3-431d-940c-ff9e44bd497c/tool/35442e9e-65ae-485f-972f-16d737551d2c/ShowPage?sendingPage=213931&itemId=1592260&path=clear_and_push&title=5.1: Introduction to the Lesson&newTopLevel=false,0
05.02_Extra_Sums_of_Squares_and_the_Partial_F_Test,https://collab.its.virginia.edu/portal/site/294dab0f-ccd3-431d-940c-ff9e44bd497c/tool/35442e9e-65ae-485f-972f-16d737551d2c/ShowPage?sendingPage=213932&itemId=1592261&path=clear_and_push&title=5.2: Extra Sums of Squares and the Partial F Test&newTopLevel=false,0
05.03_Standardized_Regression_Model,https://collab.its.virginia.edu/portal/site/294dab0f-ccd3-431d-940c-ff9e44bd497c/tool/35442e9e-65ae-485f-972f-16d737551d2c/ShowPage?sendingPage=213933&itemId=1592262&path=clear_and_push&title=5.3: Standardized Regression Model&newTopLevel=false,0
05.04_Multicollinearity,https://collab.its.virginia.edu/portal/site/294dab0f-ccd3-431d-940c-ff9e44bd497c/tool/35442e9e-65ae-485f-972f-16d737551d2c/ShowPage?sendingPage=213934&itemId=1592263&path=clear_and_push&title=5.4: Multicollinearity&newTopLevel=false,0
05.05_Diagnosing_Multicollinearity,https://collab.its.virginia.edu/portal/site/294dab0f-ccd3-431d-940c-ff9e44bd497c/tool/35442e9e-65ae-485f-972f-16d737551d2c/ShowPage?sendingPage=213935&itemId=1592264&path=clear_and_push&title=5.5: Diagnosing Multicollinearity&newTopLevel=false,0
05.06_Recap_of_Module_5,https://collab.its.virginia.edu/portal/site/294dab0f-ccd3-431d-940c-ff9e44bd497c/tool/35442e9e-65ae-485f-972f-16d737551d2c/ShowPage?sendingPage=216135&itemId=1604838&path=clear_and_push&title=5.6: Recap of Module 5&newTopLevel=false,0
05.07_R_Tutorial_for_Module_5,https://collab.its.virginia.edu/portal/site/294dab0f-ccd3-431d-940c-ff9e44bd497c/tool/35442e9e-65ae-485f-972f-16d737551d2c/ShowPage?sendingPage=213936&itemId=1592265&path=clear_and_push&title=5.7: R Tutorial for Module 5&newTopLevel=false,0
05.08_Module_5_Live_Session,https://collab.its.virginia.edu/portal/site/294dab0f-ccd3-431d-940c-ff9e44bd497c/tool/35442e9e-65ae-485f-972f-16d737551d2c/ShowPage?sendingPage=213986&itemId=1592266&path=clear_and_push&title=5.8: Module 5 Live Session&newTopLevel=false,0
06.00_Categorical_Predictors_724_725,https://collab.its.virginia.edu/portal/site/294dab0f-ccd3-431d-940c-ff9e44bd497c/tool-reset/ceb62805-7147-4d59-ab4c-0c4c7397ac05,0
06.01_Introduction_to_the_Lesson,https://collab.its.virginia.edu/portal/site/294dab0f-ccd3-431d-940c-ff9e44bd497c/tool/ceb62805-7147-4d59-ab4c-0c4c7397ac05/ShowPage?sendingPage=213937&itemId=1592280&path=clear_and_push&title=6.1: Introduction to the Lesson&newTopLevel=false,0
06.02_Indicator_Variables,https://collab.its.virginia.edu/portal/site/294dab0f-ccd3-431d-940c-ff9e44bd497c/tool/ceb62805-7147-4d59-ab4c-0c4c7397ac05/ShowPage?sendingPage=213938&itemId=1592281&path=clear_and_push&title=6.2: Indicator Variables&newTopLevel=false,0
06.03_Regression_and_ANOVA,https://collab.its.virginia.edu/portal/site/294dab0f-ccd3-431d-940c-ff9e44bd497c/tool/ceb62805-7147-4d59-ab4c-0c4c7397ac05/ShowPage?sendingPage=213939&itemId=1592282&path=clear_and_push&title=6.3: Regression and ANOVA&newTopLevel=false,0
06.04_Recap_of_Module_6,https://collab.its.virginia.edu/portal/site/294dab0f-ccd3-431d-940c-ff9e44bd497c/tool/ceb62805-7147-4d59-ab4c-0c4c7397ac05/ShowPage?sendingPage=216136&itemId=1604840&path=clear_and_push&title=6.4: Recap of Module 6&newTopLevel=false,0
06.05_R_Tutorial_for_Module_6,https://collab.its.virginia.edu/portal/site/294dab0f-ccd3-431d-940c-ff9e44bd497c/tool/ceb62805-7147-4d59-ab4c-0c4c7397ac05/ShowPage?sendingPage=213989&itemId=1592283&path=clear_and_push&title=6.5: R Tutorial for Module 6&newTopLevel=false,0
06.06_Module_6_Live_Session,https://collab.its.virginia.edu/portal/site/294dab0f-ccd3-431d-940c-ff9e44bd497c/tool/ceb62805-7147-4d59-ab4c-0c4c7397ac05/ShowPage?sendingPage=213990&itemId=1592284&path=clear_and_push&title=6.6: Module 6 Live Session&newTopLevel=false,0
07.00_Model_Selection_727_728,https://collab.its.virginia.edu/portal/site/294dab0f-ccd3-431d-940c-ff9e44bd497c/tool-reset/655d165f-0a9a-4dd3-b665-85c461ee5d39,0
07.01_Introduction_to_the_Lesson,https://collab.its.virginia.edu/portal/site/294dab0f-ccd3-431d-940c-ff9e44bd497c/tool/655d165f-0a9a-4dd3-b665-85c461ee5d39/ShowPage?sendingPage=213940&itemId=1591946&path=clear_and_push&title=7.1: Introduction to the Lesson&newTopLevel=false,0
07.02_Model_Selection_Criteria,https://collab.its.virginia.edu/portal/site/294dab0f-ccd3-431d-940c-ff9e44bd497c/tool/655d165f-0a9a-4dd3-b665-85c461ee5d39/ShowPage?sendingPage=213941&itemId=1591947&path=clear_and_push&title=7.2: Model Selection Criteria&newTopLevel=false,0
07.03_Automatic_Search_Procedures,https://collab.its.virginia.edu/portal/site/294dab0f-ccd3-431d-940c-ff9e44bd497c/tool/655d165f-0a9a-4dd3-b665-85c461ee5d39/ShowPage?sendingPage=213942&itemId=1591948&path=clear_and_push&title=7.3: Automatic Search Procedures&newTopLevel=false,0
07.04_Model_Validation,https://collab.its.virginia.edu/portal/site/294dab0f-ccd3-431d-940c-ff9e44bd497c/tool/655d165f-0a9a-4dd3-b665-85c461ee5d39/ShowPage?sendingPage=213943&itemId=1591949&path=clear_and_push&title=7.4: Model Validation&newTopLevel=false,0
07.05_Recap_of_Module_7,https://collab.its.virginia.edu/portal/site/294dab0f-ccd3-431d-940c-ff9e44bd497c/tool/655d165f-0a9a-4dd3-b665-85c461ee5d39/ShowPage?sendingPage=216137&itemId=1604842&path=clear_and_push&title=7.5: Recap of Module 7&newTopLevel=false,0
07.06_R_Tutorial_for_Module_7,https://collab.its.virginia.edu/portal/site/294dab0f-ccd3-431d-940c-ff9e44bd497c/tool/655d165f-0a9a-4dd3-b665-85c461ee5d39/ShowPage?sendingPage=213992&itemId=1591950&path=clear_and_push&title=7.6: R Tutorial for Module 7&newTopLevel=false,0
07.07_Module_7_Live_Session,https://collab.its.virginia.edu/portal/site/294dab0f-ccd3-431d-940c-ff9e44bd497c/tool/655d165f-0a9a-4dd3-b665-85c461ee5d39/ShowPage?sendingPage=213993&itemId=1591951&path=clear_and_push&title=7.7: Module 7 Live Session&newTopLevel=false,0
08.00_Model_Diagnostics_and_Remedial_Measures_in_MLR_729_730,https://collab.its.virginia.edu/portal/site/294dab0f-ccd3-431d-940c-ff9e44bd497c/tool-reset/5a5379e8-f965-450b-95c9-5b8977f8a26a,0
08.01_Introduction_to_the_Lesson,https://collab.its.virginia.edu/portal/site/294dab0f-ccd3-431d-940c-ff9e44bd497c/tool/5a5379e8-f965-450b-95c9-5b8977f8a26a/ShowPage?sendingPage=213944&itemId=1591970&path=clear_and_push&title=8.1: Introduction to the Lesson&newTopLevel=false,0
08.02_Residual_Analysis,https://collab.its.virginia.edu/portal/site/294dab0f-ccd3-431d-940c-ff9e44bd497c/tool/5a5379e8-f965-450b-95c9-5b8977f8a26a/ShowPage?sendingPage=213945&itemId=1591971&path=clear_and_push&title=8.2: Residual Analysis&newTopLevel=false,0
08.03_Leverage_and_Measures_of_Influence,https://collab.its.virginia.edu/portal/site/294dab0f-ccd3-431d-940c-ff9e44bd497c/tool/5a5379e8-f965-450b-95c9-5b8977f8a26a/ShowPage?sendingPage=213946&itemId=1591972&path=clear_and_push&title=8.3: Leverage and Measures of Influence&newTopLevel=false,0
08.04_Recap_of_Module_8,https://collab.its.virginia.edu/portal/site/294dab0f-ccd3-431d-940c-ff9e44bd497c/tool/5a5379e8-f965-450b-95c9-5b8977f8a26a/ShowPage?sendingPage=216140&itemId=1604874&path=clear_and_push&title=8.4: Recap of Module 8&newTopLevel=false,0
08.05_R_Tutorial_for_Module_8,https://collab.its.virginia.edu/portal/site/294dab0f-ccd3-431d-940c-ff9e44bd497c/tool/5a5379e8-f965-450b-95c9-5b8977f8a26a/ShowPage?sendingPage=213995&itemId=1591973&path=clear_and_push&title=8.5: R Tutorial for Module 8&newTopLevel=false,0
08.06_Module_8_Live_Session,https://collab.its.virginia.edu/portal/site/294dab0f-ccd3-431d-940c-ff9e44bd497c/tool/5a5379e8-f965-450b-95c9-5b8977f8a26a/ShowPage?sendingPage=213996&itemId=1591974&path=clear_and_push&title=8.6: Module 8 Live Session&newTopLevel=false,0
09.00_Logistic_Regression_731_81,https://collab.its.virginia.edu/portal/site/294dab0f-ccd3-431d-940c-ff9e44bd497c/tool-reset/da9a36db-52aa-48f8-bb7e-45ef462bc381,0
09.01_Introduction_to_the_Lesson,https://collab.its.virginia.edu/portal/site/294dab0f-ccd3-431d-940c-ff9e44bd497c/tool/da9a36db-52aa-48f8-bb7e-45ef462bc381/ShowPage?sendingPage=213947&itemId=1591981&path=clear_and_push&title=9.1: Introduction to the Lesson&newTopLevel=false,0
09.02_Logistic_Regression,https://collab.its.virginia.edu/portal/site/294dab0f-ccd3-431d-940c-ff9e44bd497c/tool/da9a36db-52aa-48f8-bb7e-45ef462bc381/ShowPage?sendingPage=213948&itemId=1591982&path=clear_and_push&title=9.2: Logistic Regression&newTopLevel=false,0
09.03_Estimating_the_Logistic_Regression_Coefficients,https://collab.its.virginia.edu/portal/site/294dab0f-ccd3-431d-940c-ff9e44bd497c/tool/da9a36db-52aa-48f8-bb7e-45ef462bc381/ShowPage?sendingPage=213949&itemId=1591983&path=clear_and_push&title=9.3: Estimating the Logistic Regression Coefficients&newTopLevel=false,0
09.04_Interpreting_the_Coefficients_in_a_Logistic_Regression_Model,https://collab.its.virginia.edu/portal/site/294dab0f-ccd3-431d-940c-ff9e44bd497c/tool/da9a36db-52aa-48f8-bb7e-45ef462bc381/ShowPage?sendingPage=213950&itemId=1591984&path=clear_and_push&title=9.4: Interpreting the Coefficients in a Logistic Regression Model&newTopLevel=false,0
09.05_Inference_in_Logistic_Regression,https://collab.its.virginia.edu/portal/site/294dab0f-ccd3-431d-940c-ff9e44bd497c/tool/da9a36db-52aa-48f8-bb7e-45ef462bc381/ShowPage?sendingPage=213951&itemId=1591985&path=clear_and_push&title=9.5: Inference in Logistic Regression&newTopLevel=false,0
09.06_Recap_of_Module_9,https://collab.its.virginia.edu/portal/site/294dab0f-ccd3-431d-940c-ff9e44bd497c/tool/da9a36db-52aa-48f8-bb7e-45ef462bc381/ShowPage?sendingPage=216235&itemId=1605196&path=clear_and_push&title=9.6: Recap of Module 9&newTopLevel=false,0
09.07_R_Tutorial_for_Module_9,https://collab.its.virginia.edu/portal/site/294dab0f-ccd3-431d-940c-ff9e44bd497c/tool/da9a36db-52aa-48f8-bb7e-45ef462bc381/ShowPage?sendingPage=213998&itemId=1591986&path=clear_and_push&title=9.7: R Tutorial for Module 9&newTopLevel=false,0
09.08_Module_9_Live_Session,https://collab.its.virginia.edu/portal/site/294dab0f-ccd3-431d-940c-ff9e44bd497c/tool/da9a36db-52aa-48f8-bb7e-45ef462bc381/ShowPage?sendingPage=213999&itemId=1591987&path=clear_and_push&title=9.8: Module 9 Live Session&newTopLevel=false,0
10.00_Logistic_Regression_Part_Two_83_84,https://collab.its.virginia.edu/portal/site/294dab0f-ccd3-431d-940c-ff9e44bd497c/tool-reset/f37f98c3-d6b9-4ad4-a866-b85a8839b967,0
10.01_Introduction_to_the_Lesson,https://collab.its.virginia.edu/portal/site/294dab0f-ccd3-431d-940c-ff9e44bd497c/tool/f37f98c3-d6b9-4ad4-a866-b85a8839b967/ShowPage?sendingPage=213953&itemId=1591958&path=clear_and_push&title=10.1: Introduction to the Lesson&newTopLevel=false,0
10.02_Logistic_Regression_Validation,https://collab.its.virginia.edu/portal/site/294dab0f-ccd3-431d-940c-ff9e44bd497c/tool/f37f98c3-d6b9-4ad4-a866-b85a8839b967/ShowPage?sendingPage=213954&itemId=1591959&path=clear_and_push&title=10.2: Logistic Regression Validation&newTopLevel=false,0
10.03_Multinomial_Logistic_Regression,https://collab.its.virginia.edu/portal/site/294dab0f-ccd3-431d-940c-ff9e44bd497c/tool/f37f98c3-d6b9-4ad4-a866-b85a8839b967/ShowPage?sendingPage=213955&itemId=1591960&path=clear_and_push&title=10.3: Multinomial Logistic Regression&newTopLevel=false,0
10.04_Generalized_Linear_Models,https://collab.its.virginia.edu/portal/site/294dab0f-ccd3-431d-940c-ff9e44bd497c/tool/f37f98c3-d6b9-4ad4-a866-b85a8839b967/ShowPage?sendingPage=213956&itemId=1591961&path=clear_and_push&title=10.4: Generalized Linear Models (GLMs)&newTopLevel=false,0
10.05_Recap_for_Module_10,https://collab.its.virginia.edu/portal/site/294dab0f-ccd3-431d-940c-ff9e44bd497c/tool/f37f98c3-d6b9-4ad4-a866-b85a8839b967/ShowPage?sendingPage=216388&itemId=1605816&path=clear_and_push&title=10.5: Recap for Module 10&newTopLevel=false,0
10.06_R_Tutorial_for_Module_10,https://collab.its.virginia.edu/portal/site/294dab0f-ccd3-431d-940c-ff9e44bd497c/tool/f37f98c3-d6b9-4ad4-a866-b85a8839b967/ShowPage?sendingPage=213957&itemId=1591962&path=clear_and_push&title=10.6: R Tutorial for Module 10&newTopLevel=false,0
10.07_Module_10_Live_Lesson,https://collab.its.virginia.edu/portal/site/294dab0f-ccd3-431d-940c-ff9e44bd497c/tool/f37f98c3-d6b9-4ad4-a866-b85a8839b967/ShowPage?sendingPage=213958&itemId=1591963&path=clear_and_push&title=10.7: Module 10 Live Lesson&newTopLevel=false,0
11.00_Regression_for_Time_Series_Data_and_Resampling_Methods_85_86,https://collab.its.virginia.edu/portal/site/294dab0f-ccd3-431d-940c-ff9e44bd497c/tool-reset/2f1e7a58-13a8-488f-abed-375b106e4db7,0
11.01_Introduction_to_the_Lesson,https://collab.its.virginia.edu/portal/site/294dab0f-ccd3-431d-940c-ff9e44bd497c/tool/2f1e7a58-13a8-488f-abed-375b106e4db7/ShowPage?sendingPage=213959&itemId=1592095&path=clear_and_push&title=11.1: Introduction to the Lesson&newTopLevel=false,0
11.02_Autocorrelation_in_Errors,https://collab.its.virginia.edu/portal/site/294dab0f-ccd3-431d-940c-ff9e44bd497c/tool/2f1e7a58-13a8-488f-abed-375b106e4db7/ShowPage?sendingPage=213960&itemId=1592096&path=clear_and_push&title=11.2: Autocorrelation in Errors&newTopLevel=false,0
11.03_Estimating_the_Regression_Model_with_Autocorrelated_Errors_and_Using_it_to_Make_Predictions,https://collab.its.virginia.edu/portal/site/294dab0f-ccd3-431d-940c-ff9e44bd497c/tool/2f1e7a58-13a8-488f-abed-375b106e4db7/ShowPage?sendingPage=213961&itemId=1592097&path=clear_and_push&title=11.3: Estimating the Regression Model with Autocorrelated Errors and Using it to Make Predictions&newTopLevel=false,0
11.04_Cross_Validation,https://collab.its.virginia.edu/portal/site/294dab0f-ccd3-431d-940c-ff9e44bd497c/tool/2f1e7a58-13a8-488f-abed-375b106e4db7/ShowPage?sendingPage=213962&itemId=1592098&path=clear_and_push&title=11.4: Cross-Validation&newTopLevel=false,0
11.05_Recap_for_Module_11,https://collab.its.virginia.edu/portal/site/294dab0f-ccd3-431d-940c-ff9e44bd497c/tool/2f1e7a58-13a8-488f-abed-375b106e4db7/ShowPage?sendingPage=216607&itemId=1607220&path=clear_and_push&title=11.5: Recap for Module 11&newTopLevel=false,0
11.06_R_Tutorial_for_Module_11,https://collab.its.virginia.edu/portal/site/294dab0f-ccd3-431d-940c-ff9e44bd497c/tool/2f1e7a58-13a8-488f-abed-375b106e4db7/ShowPage?sendingPage=213963&itemId=1592099&path=clear_and_push&title=11.6: R Tutorial for Module 11&newTopLevel=false,0
11.07_Module_11_Live_Session,https://collab.its.virginia.edu/portal/site/294dab0f-ccd3-431d-940c-ff9e44bd497c/tool/2f1e7a58-13a8-488f-abed-375b106e4db7/ShowPage?sendingPage=213973&itemId=1592100&path=clear_and_push&title=11.7: Module 11 Live Session&newTopLevel=false,0
11.08_Optional_Module_11_Assignments_Due,https://collab.its.virginia.edu/portal/site/294dab0f-ccd3-431d-940c-ff9e44bd497c/tool/2f1e7a58-13a8-488f-abed-375b106e4db7/ShowPage?sendingPage=213971&itemId=1592101&path=clear_and_push&title=11.8: Optional - Module 11 Assignments Due &newTopLevel=false,0
12.00_Shrinkage_Methods_87_88,https://collab.its.virginia.edu/portal/site/294dab0f-ccd3-431d-940c-ff9e44bd497c/tool-reset/12d24731-710b-4d7f-ba99-ac2552776c44,0
12.01_Introduction_to_the_Lesson,https://collab.its.virginia.edu/portal/site/294dab0f-ccd3-431d-940c-ff9e44bd497c/tool/12d24731-710b-4d7f-ba99-ac2552776c44/ShowPage?sendingPage=213965&itemId=1592137&path=clear_and_push&title=12.1: Introduction to the Lesson&newTopLevel=false,0
12.02_Ridge_Regression,https://collab.its.virginia.edu/portal/site/294dab0f-ccd3-431d-940c-ff9e44bd497c/tool/12d24731-710b-4d7f-ba99-ac2552776c44/ShowPage?sendingPage=213966&itemId=1592138&path=clear_and_push&title=12.2: Ridge Regression&newTopLevel=false,0
12.03_The_Lasso,https://collab.its.virginia.edu/portal/site/294dab0f-ccd3-431d-940c-ff9e44bd497c/tool/12d24731-710b-4d7f-ba99-ac2552776c44/ShowPage?sendingPage=213967&itemId=1592139&path=clear_and_push&title=12.3: The Lasso&newTopLevel=false,0
12.04_Principal_Component_Analysis,https://collab.its.virginia.edu/portal/site/294dab0f-ccd3-431d-940c-ff9e44bd497c/tool/12d24731-710b-4d7f-ba99-ac2552776c44/ShowPage?sendingPage=213968&itemId=1592140&path=clear_and_push&title=12.4: Principal Component Analysis&newTopLevel=false,0
12.05_R_Tutorial_for_Module_12,https://collab.its.virginia.edu/portal/site/294dab0f-ccd3-431d-940c-ff9e44bd497c/tool/12d24731-710b-4d7f-ba99-ac2552776c44/ShowPage?sendingPage=213975&itemId=1592141&path=clear_and_push&title=12.5: R Tutorial for Module 12&newTopLevel=false,0
12.06_Module_12_Live_Session,https://collab.its.virginia.edu/portal/site/294dab0f-ccd3-431d-940c-ff9e44bd497c/tool/12d24731-710b-4d7f-ba99-ac2552776c44/ShowPage?sendingPage=213969&itemId=1592142&path=clear_and_push&title=12.6: Module 12 Live Session&newTopLevel=false,0
12.07_Optional_Module_12_Assignments_Due,https://collab.its.virginia.edu/portal/site/294dab0f-ccd3-431d-940c-ff9e44bd497c/tool/12d24731-710b-4d7f-ba99-ac2552776c44/ShowPage?sendingPage=213972&itemId=1592143&path=clear_and_push&title=12.7: Optional - Module 12 Assignments Due&newTopLevel=false,0
